{
    "accuracy": 0.7977019498607242,
    "balanced_accuracy": 0.6603390952056682,
    "macro_f1": 0.6600231304262415,
    "roc_auc_ovr": 0.9348500467858284
}