component,absolute_cosine_similarity
1,0.9955004588026807
2,0.9921967399192655
3,0.983520299579717
4,0.9904804940223859
5,0.9843984239632134
6,0.5446660863863506
7,0.554515319465863
8,0.9037118821398291
9,0.9190899650243972
10,0.8700568809434152
11,0.2072487946525061
12,0.65255980155469
13,0.5862131009775957
14,0.9226325667523201
15,0.9901441819254282
16,0.5013486003082367
17,0.6347259551275133
18,0.7854470179151846
19,0.9301792438319989
20,0.9376984000830584
