component,absolute_cosine_similarity
1,0.21899830817919064
2,0.23707063836202935
3,0.017665631817916982
4,0.18198876855690072
5,0.1366047733792901
